test,input_tokens_per_request,output_tokens_per_request,concurrency,requests_ok,requests_failed,duration_s,request_throughput_rps,output_throughput_tps,total_token_throughput_tps,mean_ttft_ms,mean_tpot_ms,mean_e2e_ms,approx_cold_prefill_tps,preemptions
short-c1,1024,128,1,4,0,28.3744,0.1410,18.0444,162.3998,343.12,53.15,7093.19,2984.39,0
short-c4,1024,128,4,16,0,34.7210,0.4608,58.9845,530.8601,1221.73,58.68,8673.90,838.16,0
short-c8,1024,128,8,16,0,19.4465,0.8228,105.3144,947.8294,1779.39,62.31,9693.15,575.48,0
short-c16,1024,128,16,32,0,42.6670,0.7500,95.9992,863.9926,9512.56,72.55,18726.27,107.65,0
cold-32k-c1,32768,32,1,1,0,7.0645,0.1416,4.5297,4642.9079,5388.06,54.07,7064.18,6081.60,0
cold-128k-c1,131072,32,1,1,0,29.7427,0.0336,1.0759,4407.9430,27945.65,57.96,29742.28,4690.25,0
cold-262k-c1,262112,32,1,1,0,81.7006,0.0122,0.3917,3208.5952,79823.79,60.52,81699.93,3283.63,0
max-context-c2,262112,32,2,2,0,233.7725,0.0086,0.2738,2242.7272,156063.62,1652.93,207304.40,1679.61,1
max-context-c4,262112,32,4,4,0,481.9852,0.0083,0.2656,2175.5357,293448.91,2468.84,369983.01,893.21,3
